task_id,tipo,pergunta,condicao,repeticao,modelo,resposta,input_tokens,output_tokens,reasoning_tokens,total_tokens,latencia_segundos
recursao,conceitual,Explique recursao em palavras simples.,role_professor,1,glm-4.7-flash,"Olá! Como seu professor, vou tentar explicar esse conceito de forma que você consiga visualizar, mesmo que você já tenha ouvido falar dele.

**Recursão é simplesmente uma função que chama a si mesma.**

Para entender, vamos usar a analogia clássica das **Matrioskas (bonecas russas)**.

Imagine que você tem uma caixa gigante. Para pegar o brinquedo dentro, você precisa abrir a caixa. Dentro dela, você encontra uma caixa menor. Para pegar o brinquego dessa, você precisa abri-la, e assim por diante, até chegar na menor boneca, que não tem nada dentro.

A recursão funciona exatamente assim:

1.  **O Caso Base (A parada):** É a menor boneca. É a condição que impede que a função continue chamando a si mesma para sempre. Se não tivermos essa ""menor boneca"", o programa entra em um loop infinito e trava (erro de *stack overflow*).
2.  **O Passo Recursivo (A ação):** É o ato de abrir a boneca para encontrar a próxima. Na programação, isso é a função chamando a si mesma com um argumento um pouco menor (ou diferente).

**Em código, seria algo assim:**

Imagine uma função que calcula o fatorial de um número (o produto de todos os números inteiros positivos até aquele número).

*   Se o número for 1, ela para (Caso Base).
*   Se o número for maior que 1, ela calcula o número multiplicado pelo fatorial desse mesmo número menos 1 (Passo Recursivo).

**Resumo:**
A recursão é uma técnica onde você resolve um problema grande dividindo-o em problemas menores e idênticos, até chegar em um problema trivial que já sabe resolver.",62,1470,1064,1532,22.329428841999743
recursao,conceitual,Explique recursao em palavras simples.,baseline,1,glm-4.7-flash,"A recursão é quando uma função chama a si mesma para resolver um problema.

Para entender de forma simples, imagine **bonecas russas (Matryoshka)**:

1.  Você tem uma boneca grande.
2.  Dentro dela, tem uma menor.
3.  Dentro da menor, tem outra ainda menor.

Para pegar a boneca maior, você precisa primeiro abrir a menor. No computador, a recursão funciona assim: para resolver um problema grande, o programa resolve um problema menor, que chama um problema ainda menor, até chegar em um ponto onde ele para (chamado de ""caso base"").",37,1036,900,1073,8.6880453939998
